{"cameraMode":{"drawMode":0,"name":"Shaded","section":"Shading Mode"},"sceneLighting":true,"audioPlay":false,"sceneViewState":{"showFog":true,"showMaterialUpdate":false,"showSkybox":true,"showFlares":true,"showImageEffects":true,"showParticleSystems":true},"in2DMode":false,"pivot":{"x":1.4771842956542969,"y":1.620672345161438,"z":-2.7142233848571779},"rotation":{"x":-0.06585010141134262,"y":0.855836808681488,"z":-0.11259465664625168,"w":-0.500529408454895},"size":10.269050598144532,"orthographic":false}